{"cameraMode":{"drawMode":0,"name":"Shaded","section":"Shading Mode"},"sceneLighting":false,"audioPlay":false,"sceneViewState":{"m_AlwaysRefresh":false,"showFog":true,"showSkybox":false,"showFlares":true,"showImageEffects":true,"showParticleSystems":true,"showVisualEffectGraphs":true,"m_FxEnabled":true},"in2DMode":false,"pivot":{"x":1.0768814086914063,"y":0.0023946696892380716,"z":-0.17173025012016297},"rotation":{"x":-0.09314917027950287,"y":-0.9043501019477844,"z":0.2570151686668396,"w":-0.3277621269226074},"size":0.23227640986442567,"orthographic":true}