{"cameraMode":{"drawMode":0,"name":"Shaded","section":"Shading Mode"},"sceneLighting":false,"audioPlay":false,"sceneViewState":{"m_AlwaysRefresh":false,"showFog":true,"showSkybox":false,"showFlares":true,"showImageEffects":true,"showParticleSystems":true,"showVisualEffectGraphs":true,"m_FxEnabled":true},"in2DMode":false,"pivot":{"x":-0.07638922333717346,"y":-0.27638930082321169,"z":0.09999999403953552},"rotation":{"x":-0.0038978515658527614,"y":0.9924519658088684,"z":-0.0327632911503315,"w":-0.11815987527370453},"size":0.41941606998443606,"orthographic":false}