{"cameraMode":{"drawMode":0,"name":"Shaded","section":"Shading Mode"},"sceneLighting":false,"audioPlay":false,"sceneViewState":{"m_AlwaysRefresh":false,"showFog":true,"showSkybox":false,"showFlares":true,"showImageEffects":true,"showParticleSystems":true,"showVisualEffectGraphs":true,"m_FxEnabled":true},"in2DMode":false,"pivot":{"x":0.04239758849143982,"y":-0.05689728260040283,"z":0.09012085199356079},"rotation":{"x":0.244123637676239,"y":0.31306901574134829,"z":-0.08361842483282089,"w":0.9140039086341858},"size":0.27043023705482485,"orthographic":true}