{"cameraMode":{"drawMode":0,"name":"Shaded","section":"Shading Mode"},"sceneLighting":false,"audioPlay":false,"sceneViewState":{"m_AlwaysRefresh":false,"showFog":true,"showSkybox":false,"showFlares":true,"showImageEffects":true,"showParticleSystems":true,"showVisualEffectGraphs":true,"m_FxEnabled":true},"in2DMode":false,"pivot":{"x":0.00022383034229278564,"y":0.18899792432785035,"z":0.19263532757759095},"rotation":{"x":0.2198765128850937,"y":-0.44736751914024355,"z":0.11446954309940338,"w":0.8593124747276306},"size":0.20387570559978486,"orthographic":true}