{"cameraMode":{"drawMode":0,"name":"Shaded","section":"Shading Mode"},"sceneLighting":true,"audioPlay":false,"sceneViewState":{"m_AlwaysRefresh":false,"showFog":true,"showSkybox":true,"showFlares":true,"showImageEffects":true,"showParticleSystems":true,"showVisualEffectGraphs":true,"m_FxEnabled":true},"in2DMode":false,"pivot":{"x":-1.0399041175842286,"y":5.254072189331055,"z":4.1235809326171879},"rotation":{"x":-0.07862476259469986,"y":0.48254358768463137,"z":-0.04354661703109741,"w":-0.8712488412857056},"size":1.9920942783355713,"orthographic":false}