{"cameraMode":{"drawMode":0,"name":"Shaded","section":"Shading Mode"},"sceneLighting":true,"audioPlay":false,"sceneViewState":{"m_AlwaysRefresh":false,"showFog":true,"showSkybox":true,"showFlares":true,"showImageEffects":true,"showParticleSystems":true,"showVisualEffectGraphs":true,"m_FxEnabled":true},"in2DMode":false,"pivot":{"x":0.48392194509506228,"y":-2.2500555515289308,"z":3.152127504348755},"rotation":{"x":0.00758511945605278,"y":0.6914219260215759,"z":-0.007260482758283615,"w":0.7223849296569824},"size":5.891920566558838,"orthographic":false}