{"cameraMode":{"drawMode":0,"name":"Shaded","section":"Shading Mode"},"sceneLighting":false,"audioPlay":false,"sceneViewState":{"m_AlwaysRefresh":false,"showFog":true,"showSkybox":false,"showFlares":true,"showImageEffects":true,"showParticleSystems":true,"showVisualEffectGraphs":true,"m_FxEnabled":true},"in2DMode":false,"pivot":{"x":0.006575107574462891,"y":1.9501562118530274,"z":0.018979310989379884},"rotation":{"x":-0.08285751193761826,"y":-0.9169100522994995,"z":0.28665071725845339,"w":-0.2650410234928131},"size":7.043721675872803,"orthographic":false}