{"cameraMode":{"drawMode":0,"name":"Shaded","section":"Shading Mode"},"sceneLighting":false,"audioPlay":false,"sceneViewState":{"m_AlwaysRefresh":false,"showFog":true,"showSkybox":false,"showFlares":true,"showImageEffects":true,"showParticleSystems":true,"showVisualEffectGraphs":true,"m_FxEnabled":true},"in2DMode":false,"pivot":{"x":-0.058843519538640979,"y":0.013451775535941124,"z":0.21541857719421388},"rotation":{"x":-0.08805051445960999,"y":-0.8767536282539368,"z":0.17590193450450898,"w":-0.4388747811317444},"size":0.27780476212501528,"orthographic":false}