{"cameraMode":{"drawMode":0,"name":"Shaded","section":"Shading Mode"},"sceneLighting":false,"audioPlay":false,"sceneViewState":{"m_AlwaysRefresh":false,"showFog":true,"showSkybox":false,"showFlares":true,"showImageEffects":true,"showParticleSystems":true,"showVisualEffectGraphs":true,"m_FxEnabled":true},"in2DMode":false,"pivot":{"x":0.582093358039856,"y":-0.39154624938964846,"z":0.20734471082687379},"rotation":{"x":0.003636109409853816,"y":0.5891388654708862,"z":-0.0026511370670050384,"w":0.808019757270813},"size":0.5396544337272644,"orthographic":false}